<?xml version="1.0" encoding="UTF-8" standalone="no"?>
<KAF xml:lang="en">
<kafHeader><linguisticProcessors layer="terms"><lp name="ukb" version="2.0" timestamp="2013-02-04T09:00:51Z"/></linguisticProcessors></kafHeader><text>
<wf sent="s1" wid="w1">Several</wf>
<wf sent="s1" wid="w2">people</wf>
<wf sent="s1" wid="w3">died</wf>
<wf sent="s1" wid="w4">and</wf>
<wf sent="s1" wid="w5">27</wf>
<wf sent="s1" wid="w6">people</wf>
<wf sent="s1" wid="w7">were</wf>
<wf sent="s1" wid="w8">injured</wf>
<wf sent="s1" wid="w9">on</wf>
<wf sent="s1" wid="w10">Sunday</wf>
<wf sent="s1" wid="w11">when</wf>
<wf sent="s1" wid="w12">a</wf>
<wf sent="s1" wid="w13">private</wf>
<wf sent="s1" wid="w14">charter</wf>
<wf sent="s1" wid="w15">tour</wf>
<wf sent="s1" wid="w16">bus</wf>
<wf sent="s1" wid="w17">coming</wf>
<wf sent="s1" wid="w18">down</wf>
<wf sent="s1" wid="w19">a</wf>
<wf sent="s1" wid="w20">mountain</wf>
<wf sent="s1" wid="w21">road</wf>
<wf sent="s1" wid="w22">collided</wf>
<wf sent="s1" wid="w23">with</wf>
<wf sent="s1" wid="w24">an</wf>
<wf sent="s1" wid="w25">SUV</wf>
<wf sent="s1" wid="w26">and</wf>
<wf sent="s1" wid="w27">another</wf>
<wf sent="s1" wid="w28">car</wf>
<wf sent="s1" wid="w29">.</wf>
<wf sent="s2" wid="w30">Firefighters</wf>
<wf sent="s2" wid="w31">from</wf>
<wf sent="s2" wid="w32">multiple</wf>
<wf sent="s2" wid="w33">agencies</wf>
<wf sent="s2" wid="w34">responded</wf>
<wf sent="s2" wid="w35">to</wf>
<wf sent="s2" wid="w36">Highway</wf>
<wf sent="s2" wid="w37">38</wf>
<wf sent="s2" wid="w38">near</wf>
<wf sent="s2" wid="w39">Bryant</wf>
<wf sent="s2" wid="w40">Street</wf>
<wf sent="s2" wid="w41">in</wf>
<wf sent="s2" wid="w42">Mentone</wf>
<wf sent="s2" wid="w43">about</wf>
<wf sent="s2" wid="w44">6:30</wf>
<wf sent="s2" wid="w45">p.m.</wf>
<wf sent="s2" wid="w46">.</wf>
<wf sent="s3" wid="w47">The</wf>
<wf sent="s3" wid="w48">road</wf>
<wf sent="s3" wid="w49">is</wf>
<wf sent="s3" wid="w50">used</wf>
<wf sent="s3" wid="w51">to</wf>
<wf sent="s3" wid="w52">travel</wf>
<wf sent="s3" wid="w53">to</wf>
<wf sent="s3" wid="w54">and</wf>
<wf sent="s3" wid="w55">from</wf>
<wf sent="s3" wid="w56">the</wf>
<wf sent="s3" wid="w57">mountain</wf>
<wf sent="s3" wid="w58">resort</wf>
<wf sent="s3" wid="w59">of</wf>
<wf sent="s3" wid="w60">Big</wf>
<wf sent="s3" wid="w61">Bear</wf>
<wf sent="s3" wid="w62">,</wf>
<wf sent="s3" wid="w63">about</wf>
<wf sent="s3" wid="w64">90</wf>
<wf sent="s3" wid="w65">miles</wf>
<wf sent="s3" wid="w66">east</wf>
<wf sent="s3" wid="w67">of</wf>
<wf sent="s3" wid="w68">Los</wf>
<wf sent="s3" wid="w69">Angeles</wf>
<wf sent="s3" wid="w70">.</wf>
<wf sent="s4" wid="w71">Initial</wf>
<wf sent="s4" wid="w72">reports</wf>
<wf sent="s4" wid="w73">said</wf>
<wf sent="s4" wid="w74">that</wf>
<wf sent="s4" wid="w75">as</wf>
<wf sent="s4" wid="w76">many</wf>
<wf sent="s4" wid="w77">as</wf>
<wf sent="s4" wid="w78">10</wf>
<wf sent="s4" wid="w79">people</wf>
<wf sent="s4" wid="w80">may</wf>
<wf sent="s4" wid="w81">have</wf>
<wf sent="s4" wid="w82">been</wf>
<wf sent="s4" wid="w83">killed</wf>
<wf sent="s4" wid="w84">when</wf>
<wf sent="s4" wid="w85">they</wf>
<wf sent="s4" wid="w86">were</wf>
<wf sent="s4" wid="w87">ejected</wf>
<wf sent="s4" wid="w88">from</wf>
<wf sent="s4" wid="w89">a</wf>
<wf sent="s4" wid="w90">bus</wf>
<wf sent="s4" wid="w91">.</wf>
<wf sent="s5" wid="w92">But</wf>
<wf sent="s5" wid="w93">officials</wf>
<wf sent="s5" wid="w94">had</wf>
<wf sent="s5" wid="w95">yet</wf>
<wf sent="s5" wid="w96">to</wf>
<wf sent="s5" wid="w97">confirm</wf>
<wf sent="s5" wid="w98">the</wf>
<wf sent="s5" wid="w99">number</wf>
<wf sent="s5" wid="w100">.</wf>
<wf sent="s6" wid="w101">There</wf>
<wf sent="s6" wid="w102">were</wf>
<wf sent="s6" wid="w103">39</wf>
<wf sent="s6" wid="w104">people</wf>
<wf sent="s6" wid="w105">aboard</wf>
<wf sent="s6" wid="w106">the</wf>
<wf sent="s6" wid="w107">bus</wf>
<wf sent="s6" wid="w108">.</wf>
<wf sent="s7" wid="w109">Four</wf>
<wf sent="s7" wid="w110">other</wf>
<wf sent="s7" wid="w111">people</wf>
<wf sent="s7" wid="w112">in</wf>
<wf sent="s7" wid="w113">two</wf>
<wf sent="s7" wid="w114">other</wf>
<wf sent="s7" wid="w115">vehicles</wf>
<wf sent="s7" wid="w116">were</wf>
<wf sent="s7" wid="w117">involved</wf>
<wf sent="s7" wid="w118">in</wf>
<wf sent="s7" wid="w119">the</wf>
<wf sent="s7" wid="w120">crash</wf>
<wf sent="s7" wid="w121">.</wf>
</text>
<terms>
<!-- Several -->
<term lemma="several" pos="JJ" tid="t1" type="open">
<span>
<target id="w1"/>
</span>
</term>
<!-- people -->
<term lemma="people" pos="NNS" tid="t2" type="open">
<span>
<target id="w2"/>
</span>
<externalReferences><externalRef resource="wn30g_eng.v20" reference="eng-30-07942152-n" confidence="0.918609"/><externalRef resource="wn30g_eng.v20" reference="eng-30-08160276-n" confidence="0.0567295"/><externalRef resource="wn30g_eng.v20" reference="eng-30-08180190-n" confidence="0.0233253"/><externalRef resource="wn30g_eng.v20" reference="eng-30-07971141-n" confidence="0.00133577"/></externalReferences></term>
<!-- died -->
<term lemma="die" pos="VBD" tid="t3" type="open">
<span>
<target id="w3"/>
</span>
<externalReferences><externalRef resource="wn30g_eng.v20" reference="eng-30-00358431-v" confidence="0.662059"/><externalRef resource="wn30g_eng.v20" reference="eng-30-00434374-v" confidence="0.170929"/><externalRef resource="wn30g_eng.v20" reference="eng-30-02109818-v" confidence="0.0427208"/><externalRef resource="wn30g_eng.v20" reference="eng-30-01074914-v" confidence="0.0304736"/><externalRef resource="wn30g_eng.v20" reference="eng-30-01784953-v" confidence="0.0225363"/><externalRef resource="wn30g_eng.v20" reference="eng-30-00354845-v" confidence="0.0186228"/><externalRef resource="wn30g_eng.v20" reference="eng-30-01555034-v" confidence="0.0171071"/><externalRef resource="wn30g_eng.v20" reference="eng-30-01785242-v" confidence="0.0107676"/><externalRef resource="wn30g_eng.v20" reference="eng-30-00538323-v" confidence="0.00885031"/><externalRef resource="wn30g_eng.v20" reference="eng-30-00224295-v" confidence="0.00874009"/><externalRef resource="wn30g_eng.v20" reference="eng-30-01829475-v" confidence="0.0071936"/></externalReferences></term>
<!-- and -->
<term lemma="and" pos="CC" tid="t4" type="close">
<span>
<target id="w4"/>
</span>
</term>
<!-- 27 -->
<term lemma="27" netype="NUMBER" pos="CD" tid="t5" type="entity">
<span>
<target id="w5"/>
</span>
</term>
<!-- people -->
<term lemma="people" pos="NNS" tid="t6" type="open">
<span>
<target id="w6"/>
</span>
<externalReferences><externalRef resource="wn30g_eng.v20" reference="eng-30-07942152-n" confidence="0.918609"/><externalRef resource="wn30g_eng.v20" reference="eng-30-08160276-n" confidence="0.0567295"/><externalRef resource="wn30g_eng.v20" reference="eng-30-08180190-n" confidence="0.0233253"/><externalRef resource="wn30g_eng.v20" reference="eng-30-07971141-n" confidence="0.00133577"/></externalReferences></term>
<!-- were -->
<term lemma="be" pos="VBD" tid="t7" type="open">
<span>
<target id="w7"/>
</span>
<externalReferences><externalRef resource="wn30g_eng.v20" reference="eng-30-02620587-v" confidence="0.446053"/><externalRef resource="wn30g_eng.v20" reference="eng-30-02604760-v" confidence="0.280217"/><externalRef resource="wn30g_eng.v20" reference="eng-30-02268246-v" confidence="0.0731717"/><externalRef resource="wn30g_eng.v20" reference="eng-30-02603699-v" confidence="0.071802"/><externalRef resource="wn30g_eng.v20" reference="eng-30-02655135-v" confidence="0.0613712"/><externalRef resource="wn30g_eng.v20" reference="eng-30-02702508-v" confidence="0.0158207"/><externalRef resource="wn30g_eng.v20" reference="eng-30-02697725-v" confidence="0.0122436"/><externalRef resource="wn30g_eng.v20" reference="eng-30-02614181-v" confidence="0.010737"/><externalRef resource="wn30g_eng.v20" reference="eng-30-02445925-v" confidence="0.010205"/><externalRef resource="wn30g_eng.v20" reference="eng-30-02664769-v" confidence="0.0077194"/><externalRef resource="wn30g_eng.v20" reference="eng-30-02744820-v" confidence="0.0051577"/><externalRef resource="wn30g_eng.v20" reference="eng-30-02616386-v" confidence="0.0036315"/><externalRef resource="wn30g_eng.v20" reference="eng-30-02749904-v" confidence="0.00187076"/></externalReferences></term>
<!-- injured -->
<term lemma="injure" pos="VBN" tid="t8" type="open">
<span>
<target id="w8"/>
</span>
</term>
<!-- on -->
<term lemma="on" pos="IN" tid="t9" type="close">
<span>
<target id="w9"/>
</span>
</term>
<!-- Sunday -->
<term lemma="Sunday" netype="DATE" pos="NNP" tid="t10" type="entity">
<span>
<target id="w10"/>
</span>
</term>
<!-- when -->
<term lemma="when" pos="WRB" tid="t11" type="close">
<span>
<target id="w11"/>
</span>
</term>
<!-- a -->
<term lemma="a" pos="DT" tid="t12" type="close">
<span>
<target id="w12"/>
</span>
</term>
<!-- private -->
<term lemma="private" pos="JJ" tid="t13" type="open">
<span>
<target id="w13"/>
</span>
</term>
<!-- charter -->
<term lemma="charter" pos="NN" tid="t14" type="open">
<span>
<target id="w14"/>
</span>
<externalReferences><externalRef resource="wn30g_eng.v20" reference="eng-30-06522501-n" confidence="0.597919"/><externalRef resource="wn30g_eng.v20" reference="eng-30-06471737-n" confidence="0.402081"/></externalReferences></term>
<!-- tour -->
<term lemma="tour" pos="NN" tid="t15" type="open">
<span>
<target id="w15"/>
</span>
<externalReferences><externalRef resource="wn30g_eng.v20" reference="eng-30-00310666-n" confidence="0.816548"/><externalRef resource="wn30g_eng.v20" reference="eng-30-15293590-n" confidence="0.154076"/><externalRef resource="wn30g_eng.v20" reference="eng-30-15292069-n" confidence="0.0293754"/></externalReferences></term>
<!-- bus -->
<term lemma="bus" pos="NN" tid="t16" type="open">
<span>
<target id="w16"/>
</span>
<externalReferences><externalRef resource="wn30g_eng.v20" reference="eng-30-02924116-n" confidence="0.682816"/><externalRef resource="wn30g_eng.v20" reference="eng-30-02924713-n" confidence="0.158621"/><externalRef resource="wn30g_eng.v20" reference="eng-30-02924554-n" confidence="0.137361"/><externalRef resource="wn30g_eng.v20" reference="eng-30-05730591-n" confidence="0.0212028"/></externalReferences></term>
<!-- coming -->
<term lemma="come" pos="VBG" tid="t17" type="open">
<span>
<target id="w17"/>
</span>
</term>
<!-- down -->
<term lemma="down" pos="RP" tid="t18" type="open">
<span>
<target id="w18"/>
</span>
</term>
<!-- a -->
<term lemma="a" pos="DT" tid="t19" type="close">
<span>
<target id="w19"/>
</span>
</term>
<!-- mountain -->
<term lemma="mountain" pos="NN" tid="t20" type="open">
<span>
<target id="w20"/>
</span>
<externalReferences><externalRef resource="wn30g_eng.v20" reference="eng-30-09359803-n" confidence="0.850823"/><externalRef resource="wn30g_eng.v20" reference="eng-30-13774404-n" confidence="0.149177"/></externalReferences></term>
<!-- road -->
<term lemma="road" pos="NN" tid="t21" type="open">
<span>
<target id="w21"/>
</span>
<externalReferences><externalRef resource="wn30g_eng.v20" reference="eng-30-04096066-n" confidence="0.941588"/><externalRef resource="wn30g_eng.v20" reference="eng-30-00174003-n" confidence="0.0584116"/></externalReferences></term>
<!-- collided -->
<term lemma="collide" pos="VBD" tid="t22" type="open">
<span>
<target id="w22"/>
</span>
<externalReferences><externalRef resource="wn30g_eng.v20" reference="eng-30-01561143-v" confidence="0.493632"/><externalRef resource="wn30g_eng.v20" reference="eng-30-02667698-v" confidence="0.253668"/><externalRef resource="wn30g_eng.v20" reference="eng-30-01562733-v" confidence="0.2527"/></externalReferences></term>
<!-- with -->
<term lemma="with" pos="IN" tid="t23" type="close">
<span>
<target id="w23"/>
</span>
</term>
<!-- an -->
<term lemma="a" pos="DT" tid="t24" type="close">
<span>
<target id="w24"/>
</span>
</term>
<!-- SUV -->
<term lemma="suv" pos="NN" tid="t25" type="open">
<span>
<target id="w25"/>
</span>
<externalReferences><externalRef resource="wn30g_eng.v20" reference="eng-30-04285965-n" confidence="1"/></externalReferences></term>
<!-- and -->
<term lemma="and" pos="CC" tid="t26" type="close">
<span>
<target id="w26"/>
</span>
</term>
<!-- another -->
<term lemma="another" pos="DT" tid="t27" type="close">
<span>
<target id="w27"/>
</span>
</term>
<!-- car -->
<term lemma="car" pos="NN" tid="t28" type="open">
<span>
<target id="w28"/>
</span>
<externalReferences><externalRef resource="wn30g_eng.v20" reference="eng-30-02958343-n" confidence="0.957649"/><externalRef resource="wn30g_eng.v20" reference="eng-30-02959942-n" confidence="0.0221746"/><externalRef resource="wn30g_eng.v20" reference="eng-30-02960501-n" confidence="0.0116155"/><externalRef resource="wn30g_eng.v20" reference="eng-30-02934451-n" confidence="0.00553268"/><externalRef resource="wn30g_eng.v20" reference="eng-30-02960352-n" confidence="0.00302831"/></externalReferences></term>
<!-- Firefighters -->
<term lemma="firefighter" pos="NNS" tid="t29" type="open">
<span>
<target id="w30"/>
</span>
<externalReferences><externalRef resource="wn30g_eng.v20" reference="eng-30-10091651-n" confidence="1"/></externalReferences></term>
<!-- from -->
<term lemma="from" pos="IN" tid="t30" type="close">
<span>
<target id="w31"/>
</span>
</term>
<!-- multiple -->
<term lemma="multiple" pos="JJ" tid="t31" type="open">
<span>
<target id="w32"/>
</span>
</term>
<!-- agencies -->
<term lemma="agency" pos="NNS" tid="t32" type="open">
<span>
<target id="w33"/>
</span>
<externalReferences><externalRef resource="wn30g_eng.v20" reference="eng-30-00172710-n" confidence="0.95904"/><externalRef resource="wn30g_eng.v20" reference="eng-30-08337324-n" confidence="0.0319266"/><externalRef resource="wn30g_eng.v20" reference="eng-30-08057206-n" confidence="0.00369784"/><externalRef resource="wn30g_eng.v20" reference="eng-30-14000403-n" confidence="0.00333179"/><externalRef resource="wn30g_eng.v20" reference="eng-30-14007546-n" confidence="0.00200369"/></externalReferences></term>
<!-- responded -->
<term lemma="respond" pos="VBD" tid="t33" type="open">
<span>
<target id="w34"/>
</span>
<externalReferences><externalRef resource="wn30g_eng.v20" reference="eng-30-00717358-v" confidence="0.703748"/><externalRef resource="wn30g_eng.v20" reference="eng-30-00815686-v" confidence="0.207435"/><externalRef resource="wn30g_eng.v20" reference="eng-30-00718737-v" confidence="0.088817"/></externalReferences></term>
<!-- to -->
<term lemma="to" pos="TO" tid="t34" type="close">
<span>
<target id="w35"/>
</span>
</term>
<!-- Highway -->
<term lemma="Highway" pos="NNP" tid="t35" type="open">
<span>
<target id="w36"/>
</span>
</term>
<!-- 38 -->
<term lemma="38" netype="NUMBER" pos="CD" tid="t36" type="entity">
<span>
<target id="w37"/>
</span>
</term>
<!-- near -->
<term lemma="near" pos="IN" tid="t37" type="close">
<span>
<target id="w38"/>
</span>
</term>
<!-- Bryant Street -->
<term lemma="Bryant_Street" netype="LOCATION" pos="NNP" tid="t38" type="entity">
<span>
<target id="w39"/>
<target id="w40"/>
</span>
</term>
<!-- in -->
<term lemma="in" pos="IN" tid="t39" type="close">
<span>
<target id="w41"/>
</span>
<externalReferences><externalRef resource="wn30g_eng.v20" reference="eng-30-13649791-n" confidence="0.708325"/><externalRef resource="wn30g_eng.v20" reference="eng-30-09084750-n" confidence="0.262501"/><externalRef resource="wn30g_eng.v20" reference="eng-30-14641223-n" confidence="0.0291743"/></externalReferences></term>
<!-- Mentone -->
<term lemma="Mentone" netype="LOCATION" pos="NNP" tid="t40" type="entity">
<span>
<target id="w42"/>
</span>
</term>
<!-- about 6:30 p.m. -->
<term lemma="about_6:30_p.m." netype="TIME" pos="IN" tid="t41" type="entity">
<span>
<target id="w43"/>
<target id="w44"/>
<target id="w45"/>
</span>
</term>
<!-- The -->
<term lemma="the" pos="DT" tid="t42" type="close">
<span>
<target id="w47"/>
</span>
</term>
<!-- road -->
<term lemma="road" pos="NN" tid="t43" type="open">
<span>
<target id="w48"/>
</span>
<externalReferences><externalRef resource="wn30g_eng.v20" reference="eng-30-04096066-n" confidence="0.97709"/><externalRef resource="wn30g_eng.v20" reference="eng-30-00174003-n" confidence="0.0229103"/></externalReferences></term>
<!-- is -->
<term lemma="be" pos="VBZ" tid="t44" type="open">
<span>
<target id="w49"/>
</span>
<externalReferences><externalRef resource="wn30g_eng.v20" reference="eng-30-02604760-v" confidence="0.577919"/><externalRef resource="wn30g_eng.v20" reference="eng-30-02620587-v" confidence="0.292727"/><externalRef resource="wn30g_eng.v20" reference="eng-30-02655135-v" confidence="0.0424191"/><externalRef resource="wn30g_eng.v20" reference="eng-30-02603699-v" confidence="0.0264212"/><externalRef resource="wn30g_eng.v20" reference="eng-30-02702508-v" confidence="0.0135784"/><externalRef resource="wn30g_eng.v20" reference="eng-30-02445925-v" confidence="0.00973313"/><externalRef resource="wn30g_eng.v20" reference="eng-30-02268246-v" confidence="0.00958532"/><externalRef resource="wn30g_eng.v20" reference="eng-30-02697725-v" confidence="0.00956339"/><externalRef resource="wn30g_eng.v20" reference="eng-30-02664769-v" confidence="0.0060011"/><externalRef resource="wn30g_eng.v20" reference="eng-30-02614181-v" confidence="0.00464463"/><externalRef resource="wn30g_eng.v20" reference="eng-30-02744820-v" confidence="0.00356863"/><externalRef resource="wn30g_eng.v20" reference="eng-30-02616386-v" confidence="0.0022858"/><externalRef resource="wn30g_eng.v20" reference="eng-30-02749904-v" confidence="0.00155315"/></externalReferences></term>
<!-- used -->
<term lemma="use" pos="VBN" tid="t45" type="open">
<span>
<target id="w50"/>
</span>
<externalReferences><externalRef resource="wn30g_eng.v20" reference="eng-30-05149325-n" confidence="0.559477"/><externalRef resource="wn30g_eng.v20" reference="eng-30-00947128-n" confidence="0.125544"/><externalRef resource="wn30g_eng.v20" reference="eng-30-05190106-n" confidence="0.114468"/><externalRef resource="wn30g_eng.v20" reference="eng-30-00414179-n" confidence="0.0818381"/><externalRef resource="wn30g_eng.v20" reference="eng-30-13451804-n" confidence="0.0660601"/><externalRef resource="wn30g_eng.v20" reference="eng-30-00158185-n" confidence="0.0383153"/><externalRef resource="wn30g_eng.v20" reference="eng-30-05149978-n" confidence="0.0142977"/></externalReferences></term>
<!-- to -->
<term lemma="to" pos="TO" tid="t46" type="close">
<span>
<target id="w51"/>
</span>
</term>
<!-- travel -->
<term lemma="travel" pos="VB" tid="t47" type="open">
<span>
<target id="w52"/>
</span>
<externalReferences><externalRef resource="wn30g_eng.v20" reference="eng-30-01835496-v" confidence="0.792106"/><externalRef resource="wn30g_eng.v20" reference="eng-30-01845720-v" confidence="0.0755086"/><externalRef resource="wn30g_eng.v20" reference="eng-30-01841079-v" confidence="0.0507181"/><externalRef resource="wn30g_eng.v20" reference="eng-30-01843055-v" confidence="0.031048"/><externalRef resource="wn30g_eng.v20" reference="eng-30-02102002-v" confidence="0.0262239"/><externalRef resource="wn30g_eng.v20" reference="eng-30-01846916-v" confidence="0.0243954"/></externalReferences></term>
<!-- to -->
<term lemma="to" pos="TO" tid="t48" type="close">
<span>
<target id="w53"/>
</span>
</term>
<!-- and -->
<term lemma="and" pos="CC" tid="t49" type="close">
<span>
<target id="w54"/>
</span>
</term>
<!-- from -->
<term lemma="from" pos="IN" tid="t50" type="close">
<span>
<target id="w55"/>
</span>
</term>
<!-- the -->
<term lemma="the" pos="DT" tid="t51" type="close">
<span>
<target id="w56"/>
</span>
</term>
<!-- mountain -->
<term lemma="mountain" pos="NN" tid="t52" type="open">
<span>
<target id="w57"/>
</span>
<externalReferences><externalRef resource="wn30g_eng.v20" reference="eng-30-09359803-n" confidence="0.793326"/><externalRef resource="wn30g_eng.v20" reference="eng-30-13774404-n" confidence="0.206674"/></externalReferences></term>
<!-- resort -->
<term lemma="resort" pos="NN" tid="t53" type="open">
<span>
<target id="w58"/>
</span>
<externalReferences><externalRef resource="wn30g_eng.v20" reference="eng-30-08581503-n" confidence="0.745563"/><externalRef resource="wn30g_eng.v20" reference="eng-30-08640531-n" confidence="0.114391"/><externalRef resource="wn30g_eng.v20" reference="eng-30-05155123-n" confidence="0.0838058"/><externalRef resource="wn30g_eng.v20" reference="eng-30-01208597-n" confidence="0.0562407"/></externalReferences></term>
<!-- of -->
<term lemma="of" pos="IN" tid="t54" type="close">
<span>
<target id="w59"/>
</span>
</term>
<!-- Big Bear -->
<term lemma="big_Bear" netype="MISC" pos="JJ" tid="t55" type="entity">
<span>
<target id="w60"/>
<target id="w61"/>
</span>
</term>
<!-- about -->
<term lemma="about" pos="IN" tid="t56" type="close">
<span>
<target id="w63"/>
</span>
</term>
<!-- 90 -->
<term lemma="90" netype="NUMBER" pos="CD" tid="t57" type="entity">
<span>
<target id="w64"/>
</span>
</term>
<!-- miles -->
<term lemma="mile" pos="NNS" tid="t58" type="open">
<span>
<target id="w65"/>
</span>
<externalReferences><externalRef resource="wn30g_eng.v20" reference="eng-30-13651218-n" confidence="0.555741"/><externalRef resource="wn30g_eng.v20" reference="eng-30-13776342-n" confidence="0.161505"/><externalRef resource="wn30g_eng.v20" reference="eng-30-13660337-n" confidence="0.110182"/><externalRef resource="wn30g_eng.v20" reference="eng-30-07469325-n" confidence="0.0439998"/><externalRef resource="wn30g_eng.v20" reference="eng-30-13660868-n" confidence="0.0434048"/><externalRef resource="wn30g_eng.v20" reference="eng-30-13660619-n" confidence="0.0345514"/><externalRef resource="wn30g_eng.v20" reference="eng-30-13655262-n" confidence="0.0284123"/><externalRef resource="wn30g_eng.v20" reference="eng-30-13655414-n" confidence="0.0222043"/></externalReferences></term>
<!-- east -->
<term lemma="east" pos="RB" tid="t59" type="open">
<span>
<target id="w66"/>
</span>
</term>
<!-- of -->
<term lemma="of" pos="IN" tid="t60" type="close">
<span>
<target id="w67"/>
</span>
</term>
<!-- Los Angeles -->
<term lemma="Los_Angeles" netype="LOCATION" pos="NNP" tid="t61" type="entity">
<span>
<target id="w68"/>
<target id="w69"/>
</span>
</term>
<!-- Initial -->
<term lemma="initial" pos="JJ" tid="t62" type="open">
<span>
<target id="w71"/>
</span>
</term>
<!-- reports -->
<term lemma="report" pos="NNS" tid="t63" type="open">
<span>
<target id="w72"/>
</span>
<externalReferences><externalRef resource="wn30g_eng.v20" reference="eng-30-07218470-n" confidence="0.364841"/><externalRef resource="wn30g_eng.v20" reference="eng-30-07217924-n" confidence="0.150249"/><externalRef resource="wn30g_eng.v20" reference="eng-30-06681551-n" confidence="0.147475"/><externalRef resource="wn30g_eng.v20" reference="eng-30-06207199-n" confidence="0.141205"/><externalRef resource="wn30g_eng.v20" reference="eng-30-06409752-n" confidence="0.128647"/><externalRef resource="wn30g_eng.v20" reference="eng-30-07220300-n" confidence="0.0393836"/><externalRef resource="wn30g_eng.v20" reference="eng-30-07391516-n" confidence="0.0281994"/></externalReferences></term>
<!-- said -->
<term lemma="say" pos="VBD" tid="t64" type="open">
<span>
<target id="w73"/>
</span>
<externalReferences><externalRef resource="wn30g_eng.v20" reference="eng-30-01009240-v" confidence="0.343201"/><externalRef resource="wn30g_eng.v20" reference="eng-30-01016002-v" confidence="0.316408"/><externalRef resource="wn30g_eng.v20" reference="eng-30-00978549-v" confidence="0.137949"/><externalRef resource="wn30g_eng.v20" reference="eng-30-02730813-v" confidence="0.0697973"/><externalRef resource="wn30g_eng.v20" reference="eng-30-00746718-v" confidence="0.0486979"/><externalRef resource="wn30g_eng.v20" reference="eng-30-00979870-v" confidence="0.0272573"/><externalRef resource="wn30g_eng.v20" reference="eng-30-00945499-v" confidence="0.0243307"/><externalRef resource="wn30g_eng.v20" reference="eng-30-00928959-v" confidence="0.0108666"/><externalRef resource="wn30g_eng.v20" reference="eng-30-01009821-v" confidence="0.00905179"/><externalRef resource="wn30g_eng.v20" reference="eng-30-00917300-v" confidence="0.00630896"/><externalRef resource="wn30g_eng.v20" reference="eng-30-00923197-v" confidence="0.00613149"/></externalReferences></term>
<!-- that -->
<term lemma="that" pos="IN" tid="t65" type="close">
<span>
<target id="w74"/>
</span>
</term>
<!-- as -->
<term lemma="as" pos="RB" tid="t66" type="open">
<span>
<target id="w75"/>
</span>
</term>
<!-- many -->
<term lemma="many" pos="JJ" tid="t67" type="open">
<span>
<target id="w76"/>
</span>
</term>
<!-- as -->
<term lemma="as" pos="IN" tid="t68" type="close">
<span>
<target id="w77"/>
</span>
<externalReferences><externalRef resource="wn30g_eng.v20" reference="eng-30-14629149-n" confidence="0.870227"/><externalRef resource="wn30g_eng.v20" reference="eng-30-08991878-n" confidence="0.129773"/></externalReferences></term>
<!-- 10 -->
<term lemma="10" netype="NUMBER" pos="CD" tid="t69" type="entity">
<span>
<target id="w78"/>
</span>
</term>
<!-- people -->
<term lemma="people" pos="NNS" tid="t70" type="open">
<span>
<target id="w79"/>
</span>
<externalReferences><externalRef resource="wn30g_eng.v20" reference="eng-30-07942152-n" confidence="0.900299"/><externalRef resource="wn30g_eng.v20" reference="eng-30-08160276-n" confidence="0.0624408"/><externalRef resource="wn30g_eng.v20" reference="eng-30-08180190-n" confidence="0.0350042"/><externalRef resource="wn30g_eng.v20" reference="eng-30-07971141-n" confidence="0.00225584"/></externalReferences></term>
<!-- may -->
<term lemma="may" pos="MD" tid="t71" type="close">
<span>
<target id="w80"/>
</span>
</term>
<!-- have -->
<term lemma="have" pos="VB" tid="t72" type="open">
<span>
<target id="w81"/>
</span>
<externalReferences><externalRef resource="wn30g_eng.v20" reference="eng-30-02630189-v" confidence="0.280662"/><externalRef resource="wn30g_eng.v20" reference="eng-30-02204692-v" confidence="0.24484"/><externalRef resource="wn30g_eng.v20" reference="eng-30-00056930-v" confidence="0.193551"/><externalRef resource="wn30g_eng.v20" reference="eng-30-00770437-v" confidence="0.0717462"/><externalRef resource="wn30g_eng.v20" reference="eng-30-01156834-v" confidence="0.056267"/><externalRef resource="wn30g_eng.v20" reference="eng-30-02203362-v" confidence="0.0513658"/><externalRef resource="wn30g_eng.v20" reference="eng-30-01733477-v" confidence="0.0398661"/><externalRef resource="wn30g_eng.v20" reference="eng-30-02355596-v" confidence="0.0182682"/><externalRef resource="wn30g_eng.v20" reference="eng-30-02236124-v" confidence="0.0171443"/><externalRef resource="wn30g_eng.v20" reference="eng-30-02210119-v" confidence="0.00756755"/><externalRef resource="wn30g_eng.v20" reference="eng-30-02108026-v" confidence="0.00539526"/><externalRef resource="wn30g_eng.v20" reference="eng-30-00065639-v" confidence="0.00488275"/><externalRef resource="wn30g_eng.v20" reference="eng-30-02378453-v" confidence="0.00292909"/><externalRef resource="wn30g_eng.v20" reference="eng-30-00121046-v" confidence="0.00185499"/><externalRef resource="wn30g_eng.v20" reference="eng-30-00065370-v" confidence="0.00152259"/><externalRef resource="wn30g_eng.v20" reference="eng-30-00120796-v" confidence="0.000809883"/><externalRef resource="wn30g_eng.v20" reference="eng-30-02740745-v" confidence="0.000585521"/><externalRef resource="wn30g_eng.v20" reference="eng-30-01427127-v" confidence="0.000422983"/><externalRef resource="wn30g_eng.v20" reference="eng-30-02205098-v" confidence="0.000318296"/></externalReferences></term>
<!-- been -->
<term lemma="be" pos="VBN" tid="t73" type="open">
<span>
<target id="w82"/>
</span>
<externalReferences><externalRef resource="wn30g_eng.v20" reference="eng-30-14631295-n" confidence="1"/></externalReferences></term>
<!-- killed -->
<term lemma="kill" pos="VBN" tid="t74" type="open">
<span>
<target id="w83"/>
</span>
<externalReferences><externalRef resource="wn30g_eng.v20" reference="eng-30-00219012-n" confidence="0.797122"/><externalRef resource="wn30g_eng.v20" reference="eng-30-00217593-n" confidence="0.202878"/></externalReferences></term>
<!-- when -->
<term lemma="when" pos="WRB" tid="t75" type="close">
<span>
<target id="w84"/>
</span>
</term>
<!-- they -->
<term lemma="they" pos="PRP" tid="t76" type="close">
<span>
<target id="w85"/>
</span>
</term>
<!-- were -->
<term lemma="be" pos="VBD" tid="t77" type="open">
<span>
<target id="w86"/>
</span>
<externalReferences><externalRef resource="wn30g_eng.v20" reference="eng-30-02604760-v" confidence="0.577919"/><externalRef resource="wn30g_eng.v20" reference="eng-30-02620587-v" confidence="0.292727"/><externalRef resource="wn30g_eng.v20" reference="eng-30-02655135-v" confidence="0.0424191"/><externalRef resource="wn30g_eng.v20" reference="eng-30-02603699-v" confidence="0.0264212"/><externalRef resource="wn30g_eng.v20" reference="eng-30-02702508-v" confidence="0.0135784"/><externalRef resource="wn30g_eng.v20" reference="eng-30-02445925-v" confidence="0.00973313"/><externalRef resource="wn30g_eng.v20" reference="eng-30-02268246-v" confidence="0.00958532"/><externalRef resource="wn30g_eng.v20" reference="eng-30-02697725-v" confidence="0.00956339"/><externalRef resource="wn30g_eng.v20" reference="eng-30-02664769-v" confidence="0.0060011"/><externalRef resource="wn30g_eng.v20" reference="eng-30-02614181-v" confidence="0.00464463"/><externalRef resource="wn30g_eng.v20" reference="eng-30-02744820-v" confidence="0.00356863"/><externalRef resource="wn30g_eng.v20" reference="eng-30-02616386-v" confidence="0.0022858"/><externalRef resource="wn30g_eng.v20" reference="eng-30-02749904-v" confidence="0.00155315"/></externalReferences></term>
<!-- ejected -->
<term lemma="eject" pos="VBN" tid="t78" type="open">
<span>
<target id="w87"/>
</span>
</term>
<!-- from -->
<term lemma="from" pos="IN" tid="t79" type="close">
<span>
<target id="w88"/>
</span>
</term>
<!-- a -->
<term lemma="a" pos="DT" tid="t80" type="close">
<span>
<target id="w89"/>
</span>
</term>
<!-- bus -->
<term lemma="bus" pos="NN" tid="t81" type="open">
<span>
<target id="w90"/>
</span>
<externalReferences><externalRef resource="wn30g_eng.v20" reference="eng-30-02924116-n" confidence="0.926253"/><externalRef resource="wn30g_eng.v20" reference="eng-30-02924713-n" confidence="0.0377651"/><externalRef resource="wn30g_eng.v20" reference="eng-30-02924554-n" confidence="0.0238612"/><externalRef resource="wn30g_eng.v20" reference="eng-30-05730591-n" confidence="0.0121202"/></externalReferences></term>
<!-- But -->
<term lemma="but" pos="CC" tid="t82" type="close">
<span>
<target id="w92"/>
</span>
</term>
<!-- officials -->
<term lemma="official" pos="NNS" tid="t83" type="open">
<span>
<target id="w93"/>
</span>
<externalReferences><externalRef resource="wn30g_eng.v20" reference="eng-30-10372373-n" confidence="0.92417"/><externalRef resource="wn30g_eng.v20" reference="eng-30-10372076-n" confidence="0.0758296"/></externalReferences></term>
<!-- had -->
<term lemma="have" pos="VBD" tid="t84" type="open">
<span>
<target id="w94"/>
</span>
<externalReferences><externalRef resource="wn30g_eng.v20" reference="eng-30-02630189-v" confidence="0.345461"/><externalRef resource="wn30g_eng.v20" reference="eng-30-00056930-v" confidence="0.212574"/><externalRef resource="wn30g_eng.v20" reference="eng-30-02204692-v" confidence="0.110041"/><externalRef resource="wn30g_eng.v20" reference="eng-30-01733477-v" confidence="0.105378"/><externalRef resource="wn30g_eng.v20" reference="eng-30-00770437-v" confidence="0.0665905"/><externalRef resource="wn30g_eng.v20" reference="eng-30-02203362-v" confidence="0.059779"/><externalRef resource="wn30g_eng.v20" reference="eng-30-01156834-v" confidence="0.0289753"/><externalRef resource="wn30g_eng.v20" reference="eng-30-02236124-v" confidence="0.0211974"/><externalRef resource="wn30g_eng.v20" reference="eng-30-02355596-v" confidence="0.0196699"/><externalRef resource="wn30g_eng.v20" reference="eng-30-02210119-v" confidence="0.00791126"/><externalRef resource="wn30g_eng.v20" reference="eng-30-00065639-v" confidence="0.00486395"/><externalRef resource="wn30g_eng.v20" reference="eng-30-02108026-v" confidence="0.00475496"/><externalRef resource="wn30g_eng.v20" reference="eng-30-02378453-v" confidence="0.0042641"/><externalRef resource="wn30g_eng.v20" reference="eng-30-00120796-v" confidence="0.00309462"/><externalRef resource="wn30g_eng.v20" reference="eng-30-00121046-v" confidence="0.0020859"/><externalRef resource="wn30g_eng.v20" reference="eng-30-00065370-v" confidence="0.00185191"/><externalRef resource="wn30g_eng.v20" reference="eng-30-02740745-v" confidence="0.000680883"/><externalRef resource="wn30g_eng.v20" reference="eng-30-01427127-v" confidence="0.000459126"/><externalRef resource="wn30g_eng.v20" reference="eng-30-02205098-v" confidence="0.000366445"/></externalReferences></term>
<!-- yet -->
<term lemma="yet" pos="RB" tid="t85" type="open">
<span>
<target id="w95"/>
</span>
</term>
<!-- to -->
<term lemma="to" pos="TO" tid="t86" type="close">
<span>
<target id="w96"/>
</span>
</term>
<!-- confirm -->
<term lemma="confirm" pos="VB" tid="t87" type="open">
<span>
<target id="w97"/>
</span>
<externalReferences><externalRef resource="wn30g_eng.v20" reference="eng-30-00665886-v" confidence="0.713423"/><externalRef resource="wn30g_eng.v20" reference="eng-30-01012073-v" confidence="0.164826"/><externalRef resource="wn30g_eng.v20" reference="eng-30-02474603-v" confidence="0.0518897"/><externalRef resource="wn30g_eng.v20" reference="eng-30-02476518-v" confidence="0.0499037"/><externalRef resource="wn30g_eng.v20" reference="eng-30-00221840-v" confidence="0.0199577"/></externalReferences></term>
<!-- the -->
<term lemma="the" pos="DT" tid="t88" type="close">
<span>
<target id="w98"/>
</span>
</term>
<!-- number -->
<term lemma="number" pos="NN" tid="t89" type="open">
<span>
<target id="w99"/>
</span>
<externalReferences><externalRef resource="wn30g_eng.v20" reference="eng-30-05121418-n" confidence="0.266721"/><externalRef resource="wn30g_eng.v20" reference="eng-30-13582013-n" confidence="0.248325"/><externalRef resource="wn30g_eng.v20" reference="eng-30-06807198-n" confidence="0.104255"/><externalRef resource="wn30g_eng.v20" reference="eng-30-06326526-n" confidence="0.0997766"/><externalRef resource="wn30g_eng.v20" reference="eng-30-06892016-n" confidence="0.0856656"/><externalRef resource="wn30g_eng.v20" reference="eng-30-06596978-n" confidence="0.0632983"/><externalRef resource="wn30g_eng.v20" reference="eng-30-06425065-n" confidence="0.0585397"/><externalRef resource="wn30g_eng.v20" reference="eng-30-06426111-n" confidence="0.0363266"/><externalRef resource="wn30g_eng.v20" reference="eng-30-03835412-n" confidence="0.0160318"/><externalRef resource="wn30g_eng.v20" reference="eng-30-08480512-n" confidence="0.0106388"/><externalRef resource="wn30g_eng.v20" reference="eng-30-05096294-n" confidence="0.0104218"/></externalReferences></term>
<!-- There -->
<term lemma="there" pos="EX" tid="t90" type="close">
<span>
<target id="w101"/>
</span>
</term>
<!-- were -->
<term lemma="be" pos="VBD" tid="t91" type="open">
<span>
<target id="w102"/>
</span>
<externalReferences><externalRef resource="wn30g_eng.v20" reference="eng-30-02604760-v" confidence="0.525805"/><externalRef resource="wn30g_eng.v20" reference="eng-30-02620587-v" confidence="0.326834"/><externalRef resource="wn30g_eng.v20" reference="eng-30-02655135-v" confidence="0.0366155"/><externalRef resource="wn30g_eng.v20" reference="eng-30-02603699-v" confidence="0.0261927"/><externalRef resource="wn30g_eng.v20" reference="eng-30-02697725-v" confidence="0.0229596"/><externalRef resource="wn30g_eng.v20" reference="eng-30-02702508-v" confidence="0.0221378"/><externalRef resource="wn30g_eng.v20" reference="eng-30-02744820-v" confidence="0.0133375"/><externalRef resource="wn30g_eng.v20" reference="eng-30-02664769-v" confidence="0.00998503"/><externalRef resource="wn30g_eng.v20" reference="eng-30-02445925-v" confidence="0.00490648"/><externalRef resource="wn30g_eng.v20" reference="eng-30-02614181-v" confidence="0.00452645"/><externalRef resource="wn30g_eng.v20" reference="eng-30-02616386-v" confidence="0.00266406"/><externalRef resource="wn30g_eng.v20" reference="eng-30-02268246-v" confidence="0.0022834"/><externalRef resource="wn30g_eng.v20" reference="eng-30-02749904-v" confidence="0.00175288"/></externalReferences></term>
<!-- 39 -->
<term lemma="39" netype="NUMBER" pos="CD" tid="t92" type="entity">
<span>
<target id="w103"/>
</span>
</term>
<!-- people -->
<term lemma="people" pos="NNS" tid="t93" type="open">
<span>
<target id="w104"/>
</span>
<externalReferences><externalRef resource="wn30g_eng.v20" reference="eng-30-07942152-n" confidence="0.889775"/><externalRef resource="wn30g_eng.v20" reference="eng-30-08160276-n" confidence="0.0792759"/><externalRef resource="wn30g_eng.v20" reference="eng-30-08180190-n" confidence="0.0288848"/><externalRef resource="wn30g_eng.v20" reference="eng-30-07971141-n" confidence="0.00206429"/></externalReferences></term>
<!-- aboard -->
<term lemma="aboard" pos="IN" tid="t94" type="close">
<span>
<target id="w105"/>
</span>
</term>
<!-- the -->
<term lemma="the" pos="DT" tid="t95" type="close">
<span>
<target id="w106"/>
</span>
</term>
<!-- bus -->
<term lemma="bus" pos="NN" tid="t96" type="open">
<span>
<target id="w107"/>
</span>
<externalReferences><externalRef resource="wn30g_eng.v20" reference="eng-30-02924116-n" confidence="0.867985"/><externalRef resource="wn30g_eng.v20" reference="eng-30-02924713-n" confidence="0.0698443"/><externalRef resource="wn30g_eng.v20" reference="eng-30-02924554-n" confidence="0.0420234"/><externalRef resource="wn30g_eng.v20" reference="eng-30-05730591-n" confidence="0.0201472"/></externalReferences></term>
<!-- Four -->
<term lemma="four" netype="NUMBER" pos="CD" tid="t97" type="entity">
<span>
<target id="w109"/>
</span>
</term>
<!-- other -->
<term lemma="other" pos="JJ" tid="t98" type="open">
<span>
<target id="w110"/>
</span>
</term>
<!-- people -->
<term lemma="people" pos="NNS" tid="t99" type="open">
<span>
<target id="w111"/>
</span>
<externalReferences><externalRef resource="wn30g_eng.v20" reference="eng-30-07942152-n" confidence="0.889775"/><externalRef resource="wn30g_eng.v20" reference="eng-30-08160276-n" confidence="0.0792759"/><externalRef resource="wn30g_eng.v20" reference="eng-30-08180190-n" confidence="0.0288848"/><externalRef resource="wn30g_eng.v20" reference="eng-30-07971141-n" confidence="0.00206429"/></externalReferences></term>
<!-- in -->
<term lemma="in" pos="IN" tid="t100" type="close">
<span>
<target id="w112"/>
</span>
<externalReferences><externalRef resource="wn30g_eng.v20" reference="eng-30-13649791-n" confidence="0.546681"/><externalRef resource="wn30g_eng.v20" reference="eng-30-14641223-n" confidence="0.324321"/><externalRef resource="wn30g_eng.v20" reference="eng-30-09084750-n" confidence="0.128998"/></externalReferences></term>
<!-- two -->
<term lemma="two" netype="NUMBER" pos="CD" tid="t101" type="entity">
<span>
<target id="w113"/>
</span>
</term>
<!-- other -->
<term lemma="other" pos="JJ" tid="t102" type="open">
<span>
<target id="w114"/>
</span>
</term>
<!-- vehicles -->
<term lemma="vehicle" pos="NNS" tid="t103" type="open">
<span>
<target id="w115"/>
</span>
<externalReferences><externalRef resource="wn30g_eng.v20" reference="eng-30-04524313-n" confidence="0.973256"/><externalRef resource="wn30g_eng.v20" reference="eng-30-09283193-n" confidence="0.0179928"/><externalRef resource="wn30g_eng.v20" reference="eng-30-15112086-n" confidence="0.004873"/><externalRef resource="wn30g_eng.v20" reference="eng-30-06255081-n" confidence="0.00387786"/></externalReferences></term>
<!-- were -->
<term lemma="be" pos="VBD" tid="t104" type="open">
<span>
<target id="w116"/>
</span>
<externalReferences><externalRef resource="wn30g_eng.v20" reference="eng-30-02604760-v" confidence="0.525805"/><externalRef resource="wn30g_eng.v20" reference="eng-30-02620587-v" confidence="0.326834"/><externalRef resource="wn30g_eng.v20" reference="eng-30-02655135-v" confidence="0.0366155"/><externalRef resource="wn30g_eng.v20" reference="eng-30-02603699-v" confidence="0.0261927"/><externalRef resource="wn30g_eng.v20" reference="eng-30-02697725-v" confidence="0.0229596"/><externalRef resource="wn30g_eng.v20" reference="eng-30-02702508-v" confidence="0.0221378"/><externalRef resource="wn30g_eng.v20" reference="eng-30-02744820-v" confidence="0.0133375"/><externalRef resource="wn30g_eng.v20" reference="eng-30-02664769-v" confidence="0.00998503"/><externalRef resource="wn30g_eng.v20" reference="eng-30-02445925-v" confidence="0.00490648"/><externalRef resource="wn30g_eng.v20" reference="eng-30-02614181-v" confidence="0.00452645"/><externalRef resource="wn30g_eng.v20" reference="eng-30-02616386-v" confidence="0.00266406"/><externalRef resource="wn30g_eng.v20" reference="eng-30-02268246-v" confidence="0.0022834"/><externalRef resource="wn30g_eng.v20" reference="eng-30-02749904-v" confidence="0.00175288"/></externalReferences></term>
<!-- involved -->
<term lemma="involve" pos="VBN" tid="t105" type="open">
<span>
<target id="w117"/>
</span>
</term>
<!-- in -->
<term lemma="in" pos="IN" tid="t106" type="close">
<span>
<target id="w118"/>
</span>
<externalReferences><externalRef resource="wn30g_eng.v20" reference="eng-30-13649791-n" confidence="0.546681"/><externalRef resource="wn30g_eng.v20" reference="eng-30-14641223-n" confidence="0.324321"/><externalRef resource="wn30g_eng.v20" reference="eng-30-09084750-n" confidence="0.128998"/></externalReferences></term>
<!-- the -->
<term lemma="the" pos="DT" tid="t107" type="close">
<span>
<target id="w119"/>
</span>
</term>
<!-- crash -->
<term lemma="crash" pos="NN" tid="t108" type="open">
<span>
<target id="w120"/>
</span>
<externalReferences><externalRef resource="wn30g_eng.v20" reference="eng-30-07301950-n" confidence="0.502158"/><externalRef resource="wn30g_eng.v20" reference="eng-30-07380144-n" confidence="0.182587"/><externalRef resource="wn30g_eng.v20" reference="eng-30-07477945-n" confidence="0.160299"/><externalRef resource="wn30g_eng.v20" reference="eng-30-07478874-n" confidence="0.0952933"/><externalRef resource="wn30g_eng.v20" reference="eng-30-00126236-n" confidence="0.0596628"/></externalReferences></term>
</terms>
<deps>
<!-- amod(people, several) -->
<dep from="t2" rfunc="amod" to="t1"/>
<!-- nsubj(die, people) -->
<dep from="t3" rfunc="nsubj" to="t2"/>
<!-- cc(die, and) -->
<dep from="t3" rfunc="cc" to="t4"/>
<!-- num(people, 27) -->
<dep from="t6" rfunc="num" to="t5"/>
<!-- nsubjpass(injure, people) -->
<dep from="t8" rfunc="nsubjpass" to="t6"/>
<!-- auxpass(injure, be) -->
<dep from="t8" rfunc="auxpass" to="t7"/>
<!-- pobj(on, Sunday) -->
<dep from="t9" rfunc="pobj" to="t10"/>
<!-- prep(injure, on) -->
<dep from="t8" rfunc="prep" to="t9"/>
<!-- advmod(collide, when) -->
<dep from="t22" rfunc="advmod" to="t11"/>
<!-- det(bus, a) -->
<dep from="t16" rfunc="det" to="t12"/>
<!-- amod(bus, private) -->
<dep from="t16" rfunc="amod" to="t13"/>
<!-- nn(bus, charter) -->
<dep from="t16" rfunc="nn" to="t14"/>
<!-- nn(bus, tour) -->
<dep from="t16" rfunc="nn" to="t15"/>
<!-- prt(come, down) -->
<dep from="t17" rfunc="prt" to="t18"/>
<!-- det(road, a) -->
<dep from="t21" rfunc="det" to="t19"/>
<!-- nn(road, mountain) -->
<dep from="t21" rfunc="nn" to="t20"/>
<!-- dobj(come, road) -->
<dep from="t17" rfunc="dobj" to="t21"/>
<!-- partmod(bus, come) -->
<dep from="t16" rfunc="partmod" to="t17"/>
<!-- nsubj(collide, bus) -->
<dep from="t22" rfunc="nsubj" to="t16"/>
<!-- det(suv, a) -->
<dep from="t25" rfunc="det" to="t24"/>
<!-- cc(suv, and) -->
<dep from="t25" rfunc="cc" to="t26"/>
<!-- det(car, another) -->
<dep from="t28" rfunc="det" to="t27"/>
<!-- conj(suv, car) -->
<dep from="t25" rfunc="conj" to="t28"/>
<!-- pobj(with, suv) -->
<dep from="t23" rfunc="pobj" to="t25"/>
<!-- prep(collide, with) -->
<dep from="t22" rfunc="prep" to="t23"/>
<!-- advcl(injure, collide) -->
<dep from="t8" rfunc="advcl" to="t22"/>
<!-- conj(die, injure) -->
<dep from="t3" rfunc="conj" to="t8"/>
<!-- root(null, die) -->
<dep from="root-0" rfunc="root" to="t3"/>
<!-- amod(agency, multiple) -->
<dep from="t32" rfunc="amod" to="t31"/>
<!-- pobj(from, agency) -->
<dep from="t30" rfunc="pobj" to="t32"/>
<!-- prep(firefighter, from) -->
<dep from="t29" rfunc="prep" to="t30"/>
<!-- nsubj(respond, firefighter) -->
<dep from="t33" rfunc="nsubj" to="t29"/>
<!-- num(Highway, 38) -->
<dep from="t35" rfunc="num" to="t36"/>
<!-- pobj(to, Highway) -->
<dep from="t34" rfunc="pobj" to="t35"/>
<!-- prep(respond, to) -->
<dep from="t33" rfunc="prep" to="t34"/>
<!-- pobj(in, Mentone) -->
<dep from="t39" rfunc="pobj" to="t40"/>
<!-- prep(Bryant_Street, in) -->
<dep from="t38" rfunc="prep" to="t39"/>
<!-- pobj(near, Bryant_Street) -->
<dep from="t37" rfunc="pobj" to="t38"/>
<!-- prep(respond, near) -->
<dep from="t33" rfunc="prep" to="t37"/>
<!-- prep(respond, about_6:30_p.m.) -->
<dep from="t33" rfunc="prep" to="t41"/>
<!-- root(null, respond) -->
<dep from="root-0" rfunc="root" to="t33"/>
<!-- det(road, the) -->
<dep from="t43" rfunc="det" to="t42"/>
<!-- nsubjpass(use, road) -->
<dep from="t45" rfunc="nsubjpass" to="t43"/>
<!-- auxpass(use, be) -->
<dep from="t45" rfunc="auxpass" to="t44"/>
<!-- aux(travel, to) -->
<dep from="t47" rfunc="aux" to="t46"/>
<!-- cc(to, and) -->
<dep from="t48" rfunc="cc" to="t49"/>
<!-- conj(to, from) -->
<dep from="t48" rfunc="conj" to="t50"/>
<!-- det(resort, the) -->
<dep from="t53" rfunc="det" to="t51"/>
<!-- nn(resort, mountain) -->
<dep from="t53" rfunc="nn" to="t52"/>
<!-- pobj(of, big_Bear) -->
<dep from="t54" rfunc="pobj" to="t55"/>
<!-- prep(resort, of) -->
<dep from="t53" rfunc="prep" to="t54"/>
<!-- pobj(to, resort) -->
<dep from="t48" rfunc="pobj" to="t53"/>
<!-- prep(travel, to) -->
<dep from="t47" rfunc="prep" to="t48"/>
<!-- num(mile, 90) -->
<dep from="t58" rfunc="num" to="t57"/>
<!-- advmod(of, east) -->
<dep from="t60" rfunc="advmod" to="t59"/>
<!-- pobj(of, Los_Angeles) -->
<dep from="t60" rfunc="pobj" to="t61"/>
<!-- prep(mile, of) -->
<dep from="t58" rfunc="prep" to="t60"/>
<!-- pobj(about, mile) -->
<dep from="t56" rfunc="pobj" to="t58"/>
<!-- prep(travel, about) -->
<dep from="t47" rfunc="prep" to="t56"/>
<!-- xcomp(use, travel) -->
<dep from="t45" rfunc="xcomp" to="t47"/>
<!-- root(null, use) -->
<dep from="root-0" rfunc="root" to="t45"/>
<!-- amod(report, initial) -->
<dep from="t63" rfunc="amod" to="t62"/>
<!-- nsubj(say, report) -->
<dep from="t64" rfunc="nsubj" to="t63"/>
<!-- complm(kill, that) -->
<dep from="t74" rfunc="complm" to="t65"/>
<!-- quantmod(10, as) -->
<dep from="t69" rfunc="quantmod" to="t66"/>
<!-- quantmod(10, many) -->
<dep from="t69" rfunc="quantmod" to="t67"/>
<!-- quantmod(10, as) -->
<dep from="t69" rfunc="quantmod" to="t68"/>
<!-- num(people, 10) -->
<dep from="t70" rfunc="num" to="t69"/>
<!-- nsubjpass(kill, people) -->
<dep from="t74" rfunc="nsubjpass" to="t70"/>
<!-- aux(kill, may) -->
<dep from="t74" rfunc="aux" to="t71"/>
<!-- aux(kill, have) -->
<dep from="t74" rfunc="aux" to="t72"/>
<!-- auxpass(kill, be) -->
<dep from="t74" rfunc="auxpass" to="t73"/>
<!-- advmod(eject, when) -->
<dep from="t78" rfunc="advmod" to="t75"/>
<!-- nsubjpass(eject, they) -->
<dep from="t78" rfunc="nsubjpass" to="t76"/>
<!-- auxpass(eject, be) -->
<dep from="t78" rfunc="auxpass" to="t77"/>
<!-- det(bus, a) -->
<dep from="t81" rfunc="det" to="t80"/>
<!-- pobj(from, bus) -->
<dep from="t79" rfunc="pobj" to="t81"/>
<!-- prep(eject, from) -->
<dep from="t78" rfunc="prep" to="t79"/>
<!-- advcl(kill, eject) -->
<dep from="t74" rfunc="advcl" to="t78"/>
<!-- ccomp(say, kill) -->
<dep from="t64" rfunc="ccomp" to="t74"/>
<!-- root(null, say) -->
<dep from="root-0" rfunc="root" to="t64"/>
<!-- cc(have, but) -->
<dep from="t84" rfunc="cc" to="t82"/>
<!-- nsubj(have, official) -->
<dep from="t84" rfunc="nsubj" to="t83"/>
<!-- advmod(have, yet) -->
<dep from="t84" rfunc="advmod" to="t85"/>
<!-- aux(confirm, to) -->
<dep from="t87" rfunc="aux" to="t86"/>
<!-- det(number, the) -->
<dep from="t89" rfunc="det" to="t88"/>
<!-- dobj(confirm, number) -->
<dep from="t87" rfunc="dobj" to="t89"/>
<!-- xcomp(have, confirm) -->
<dep from="t84" rfunc="xcomp" to="t87"/>
<!-- root(null, have) -->
<dep from="root-0" rfunc="root" to="t84"/>
<!-- expl(be, there) -->
<dep from="t91" rfunc="expl" to="t90"/>
<!-- num(people, 39) -->
<dep from="t93" rfunc="num" to="t92"/>
<!-- det(bus, the) -->
<dep from="t96" rfunc="det" to="t95"/>
<!-- pobj(aboard, bus) -->
<dep from="t94" rfunc="pobj" to="t96"/>
<!-- prep(people, aboard) -->
<dep from="t93" rfunc="prep" to="t94"/>
<!-- nsubj(be, people) -->
<dep from="t91" rfunc="nsubj" to="t93"/>
<!-- root(null, be) -->
<dep from="root-0" rfunc="root" to="t91"/>
<!-- num(people, four) -->
<dep from="t99" rfunc="num" to="t97"/>
<!-- amod(people, other) -->
<dep from="t99" rfunc="amod" to="t98"/>
<!-- num(vehicle, two) -->
<dep from="t103" rfunc="num" to="t101"/>
<!-- amod(vehicle, other) -->
<dep from="t103" rfunc="amod" to="t102"/>
<!-- pobj(in, vehicle) -->
<dep from="t100" rfunc="pobj" to="t103"/>
<!-- prep(people, in) -->
<dep from="t99" rfunc="prep" to="t100"/>
<!-- nsubjpass(involve, people) -->
<dep from="t105" rfunc="nsubjpass" to="t99"/>
<!-- auxpass(involve, be) -->
<dep from="t105" rfunc="auxpass" to="t104"/>
<!-- det(crash, the) -->
<dep from="t108" rfunc="det" to="t107"/>
<!-- pobj(in, crash) -->
<dep from="t106" rfunc="pobj" to="t108"/>
<!-- prep(involve, in) -->
<dep from="t105" rfunc="prep" to="t106"/>
<!-- root(null, involve) -->
<dep from="root-0" rfunc="root" to="t105"/>
</deps>
<chunks>
<!-- Several people -->
<chunk cid="c1" head="t2" phrase="NP">
<span>
<target id="t1"/>
<target id="t2"/>
</span>
</chunk>
<!-- died -->
<chunk cid="c2" head="t3" phrase="VBD">
<span>
<target id="t3"/>
</span>
</chunk>
<!-- 27 people -->
<chunk cid="c3" head="t6" phrase="NP">
<span>
<target id="t5"/>
<target id="t6"/>
</span>
</chunk>
<!-- were -->
<chunk cid="c4" head="t7" phrase="VBD">
<span>
<target id="t7"/>
</span>
</chunk>
<!-- injured -->
<chunk cid="c5" head="t8" phrase="VBN">
<span>
<target id="t8"/>
</span>
</chunk>
<!-- on Sunday -->
<chunk cid="c6" head="t9" phrase="PP">
<span>
<target id="t9"/>
<target id="t10"/>
</span>
</chunk>
<!-- Sunday -->
<chunk cid="c7" head="t10" phrase="NP">
<span>
<target id="t10"/>
</span>
</chunk>
<!-- a private charter tour bus coming down a mountain road -->
<chunk cid="c8" head="t16" phrase="NP">
<span>
<target id="t12"/>
<target id="t13"/>
<target id="t14"/>
<target id="t15"/>
<target id="t16"/>
<target id="t17"/>
<target id="t18"/>
<target id="t19"/>
<target id="t20"/>
<target id="t21"/>
</span>
</chunk>
<!-- a private charter tour bus -->
<chunk cid="c9" head="t16" phrase="NP">
<span>
<target id="t12"/>
<target id="t13"/>
<target id="t14"/>
<target id="t15"/>
<target id="t16"/>
</span>
</chunk>
<!-- coming -->
<chunk cid="c10" head="t17" phrase="VBG">
<span>
<target id="t17"/>
</span>
</chunk>
<!-- down -->
<chunk cid="c11" head="t18" phrase="PRT">
<span>
<target id="t18"/>
</span>
</chunk>
<!-- a mountain road -->
<chunk cid="c12" head="t21" phrase="NP">
<span>
<target id="t19"/>
<target id="t20"/>
<target id="t21"/>
</span>
</chunk>
<!-- collided -->
<chunk cid="c13" head="t22" phrase="VBD">
<span>
<target id="t22"/>
</span>
</chunk>
<!-- with an SUV and another car -->
<chunk cid="c14" head="t23" phrase="PP">
<span>
<target id="t23"/>
<target id="t24"/>
<target id="t25"/>
<target id="t26"/>
<target id="t27"/>
<target id="t28"/>
</span>
</chunk>
<!-- an SUV and another car -->
<chunk cid="c15" head="t25" phrase="NP">
<span>
<target id="t24"/>
<target id="t25"/>
<target id="t26"/>
<target id="t27"/>
<target id="t28"/>
</span>
</chunk>
<!-- an SUV -->
<chunk cid="c16" head="t25" phrase="NP">
<span>
<target id="t24"/>
<target id="t25"/>
</span>
</chunk>
<!-- another car -->
<chunk cid="c17" head="t28" phrase="NP">
<span>
<target id="t27"/>
<target id="t28"/>
</span>
</chunk>
<!-- Firefighters from multiple agencies -->
<chunk cid="c18" head="t29" phrase="NP">
<span>
<target id="t29"/>
<target id="t30"/>
<target id="t31"/>
<target id="t32"/>
</span>
</chunk>
<!-- Firefighters -->
<chunk cid="c19" head="t29" phrase="NP">
<span>
<target id="t29"/>
</span>
</chunk>
<!-- from multiple agencies -->
<chunk cid="c20" head="t30" phrase="PP">
<span>
<target id="t30"/>
<target id="t31"/>
<target id="t32"/>
</span>
</chunk>
<!-- multiple agencies -->
<chunk cid="c21" head="t32" phrase="NP">
<span>
<target id="t31"/>
<target id="t32"/>
</span>
</chunk>
<!-- responded -->
<chunk cid="c22" head="t33" phrase="VBD">
<span>
<target id="t33"/>
</span>
</chunk>
<!-- to Highway 38 -->
<chunk cid="c23" head="t34" phrase="PP">
<span>
<target id="t34"/>
<target id="t35"/>
<target id="t36"/>
</span>
</chunk>
<!-- Highway 38 -->
<chunk cid="c24" head="t35" phrase="NP">
<span>
<target id="t35"/>
<target id="t36"/>
</span>
</chunk>
<!-- near Bryant Street in Mentone -->
<chunk cid="c25" head="t37" phrase="PP">
<span>
<target id="t37"/>
<target id="t38"/>
<target id="t39"/>
<target id="t40"/>
</span>
</chunk>
<!-- Bryant Street in Mentone -->
<chunk cid="c26" head="t38" phrase="NP">
<span>
<target id="t38"/>
<target id="t39"/>
<target id="t40"/>
</span>
</chunk>
<!-- Bryant Street -->
<chunk cid="c27" head="t38" phrase="NP">
<span>
<target id="t38"/>
</span>
</chunk>
<!-- in Mentone -->
<chunk cid="c28" head="t39" phrase="PP">
<span>
<target id="t39"/>
<target id="t40"/>
</span>
</chunk>
<!-- Mentone -->
<chunk cid="c29" head="t40" phrase="NP">
<span>
<target id="t40"/>
</span>
</chunk>
<!-- about 6:30 p.m. -->
<chunk cid="c30" head="t41" phrase="PP">
<span>
<target id="t41"/>
</span>
</chunk>
<!-- about 6:30 p.m. -->
<chunk cid="c31" head="t41" phrase="NP">
<span>
<target id="t41"/>
</span>
</chunk>
<!-- The road -->
<chunk cid="c32" head="t43" phrase="NP">
<span>
<target id="t42"/>
<target id="t43"/>
</span>
</chunk>
<!-- is -->
<chunk cid="c33" head="t44" phrase="VBZ">
<span>
<target id="t44"/>
</span>
</chunk>
<!-- used -->
<chunk cid="c34" head="t45" phrase="VBN">
<span>
<target id="t45"/>
</span>
</chunk>
<!-- travel -->
<chunk cid="c35" head="t47" phrase="VB">
<span>
<target id="t47"/>
</span>
</chunk>
<!-- to and from the mountain resort of Big Bear -->
<chunk cid="c36" head="t48" phrase="PP">
<span>
<target id="t48"/>
<target id="t49"/>
<target id="t50"/>
<target id="t51"/>
<target id="t52"/>
<target id="t53"/>
<target id="t54"/>
<target id="t55"/>
</span>
</chunk>
<!-- the mountain resort of Big Bear -->
<chunk cid="c37" head="t53" phrase="NP">
<span>
<target id="t51"/>
<target id="t52"/>
<target id="t53"/>
<target id="t54"/>
<target id="t55"/>
</span>
</chunk>
<!-- the mountain resort -->
<chunk cid="c38" head="t53" phrase="NP">
<span>
<target id="t51"/>
<target id="t52"/>
<target id="t53"/>
</span>
</chunk>
<!-- of Big Bear -->
<chunk cid="c39" head="t54" phrase="PP">
<span>
<target id="t54"/>
<target id="t55"/>
</span>
</chunk>
<!-- Big Bear -->
<chunk cid="c40" head="t55" phrase="NP">
<span>
<target id="t55"/>
</span>
</chunk>
<!-- about 90 miles east of Los Angeles -->
<chunk cid="c41" head="t56" phrase="PP">
<span>
<target id="t56"/>
<target id="t57"/>
<target id="t58"/>
<target id="t59"/>
<target id="t60"/>
<target id="t61"/>
</span>
</chunk>
<!-- 90 miles east of Los Angeles -->
<chunk cid="c42" head="t58" phrase="NP">
<span>
<target id="t57"/>
<target id="t58"/>
<target id="t59"/>
<target id="t60"/>
<target id="t61"/>
</span>
</chunk>
<!-- 90 miles -->
<chunk cid="c43" head="t58" phrase="NP">
<span>
<target id="t57"/>
<target id="t58"/>
</span>
</chunk>
<!-- east of Los Angeles -->
<chunk cid="c44" head="t60" phrase="PP">
<span>
<target id="t59"/>
<target id="t60"/>
<target id="t61"/>
</span>
</chunk>
<!-- east -->
<chunk cid="c45" head="t59" phrase="ADVP">
<span>
<target id="t59"/>
</span>
</chunk>
<!-- Los Angeles -->
<chunk cid="c46" head="t61" phrase="NP">
<span>
<target id="t61"/>
</span>
</chunk>
<!-- Initial reports -->
<chunk cid="c47" head="t63" phrase="NP">
<span>
<target id="t62"/>
<target id="t63"/>
</span>
</chunk>
<!-- said -->
<chunk cid="c48" head="t64" phrase="VBD">
<span>
<target id="t64"/>
</span>
</chunk>
<!-- as many 10 people -->
<chunk cid="c49" head="t70" phrase="NP">
<span>
<target id="t66"/>
<target id="t67"/>
<target id="t69"/>
<target id="t70"/>
</span>
</chunk>
<!-- have -->
<chunk cid="c50" head="t72" phrase="VB">
<span>
<target id="t72"/>
</span>
</chunk>
<!-- been -->
<chunk cid="c51" head="t73" phrase="VBN">
<span>
<target id="t73"/>
</span>
</chunk>
<!-- killed -->
<chunk cid="c52" head="t74" phrase="VBN">
<span>
<target id="t74"/>
</span>
</chunk>
<!-- they -->
<chunk cid="c53" head="t76" phrase="NP">
<span>
<target id="t76"/>
</span>
</chunk>
<!-- were -->
<chunk cid="c54" head="t77" phrase="VBD">
<span>
<target id="t77"/>
</span>
</chunk>
<!-- ejected -->
<chunk cid="c55" head="t78" phrase="VBN">
<span>
<target id="t78"/>
</span>
</chunk>
<!-- from a bus -->
<chunk cid="c56" head="t79" phrase="PP">
<span>
<target id="t79"/>
<target id="t80"/>
<target id="t81"/>
</span>
</chunk>
<!-- a bus -->
<chunk cid="c57" head="t81" phrase="NP">
<span>
<target id="t80"/>
<target id="t81"/>
</span>
</chunk>
<!-- officials -->
<chunk cid="c58" head="t83" phrase="NP">
<span>
<target id="t83"/>
</span>
</chunk>
<!-- had -->
<chunk cid="c59" head="t84" phrase="VBD">
<span>
<target id="t84"/>
</span>
</chunk>
<!-- yet -->
<chunk cid="c60" head="t85" phrase="ADVP">
<span>
<target id="t85"/>
</span>
</chunk>
<!-- confirm -->
<chunk cid="c61" head="t87" phrase="VB">
<span>
<target id="t87"/>
</span>
</chunk>
<!-- the number -->
<chunk cid="c62" head="t89" phrase="NP">
<span>
<target id="t88"/>
<target id="t89"/>
</span>
</chunk>
<!-- There -->
<chunk cid="c63" head="t90" phrase="NP">
<span>
<target id="t90"/>
</span>
</chunk>
<!-- were -->
<chunk cid="c64" head="t91" phrase="VBD">
<span>
<target id="t91"/>
</span>
</chunk>
<!-- 39 people aboard the bus -->
<chunk cid="c65" head="t93" phrase="NP">
<span>
<target id="t92"/>
<target id="t93"/>
<target id="t94"/>
<target id="t95"/>
<target id="t96"/>
</span>
</chunk>
<!-- 39 people -->
<chunk cid="c66" head="t93" phrase="NP">
<span>
<target id="t92"/>
<target id="t93"/>
</span>
</chunk>
<!-- aboard the bus -->
<chunk cid="c67" head="t94" phrase="PP">
<span>
<target id="t94"/>
<target id="t95"/>
<target id="t96"/>
</span>
</chunk>
<!-- the bus -->
<chunk cid="c68" head="t96" phrase="NP">
<span>
<target id="t95"/>
<target id="t96"/>
</span>
</chunk>
<!-- Four other people in two other vehicles -->
<chunk cid="c69" head="t99" phrase="NP">
<span>
<target id="t97"/>
<target id="t98"/>
<target id="t99"/>
<target id="t100"/>
<target id="t101"/>
<target id="t102"/>
<target id="t103"/>
</span>
</chunk>
<!-- Four other people -->
<chunk cid="c70" head="t99" phrase="NP">
<span>
<target id="t97"/>
<target id="t98"/>
<target id="t99"/>
</span>
</chunk>
<!-- in two other vehicles -->
<chunk cid="c71" head="t100" phrase="PP">
<span>
<target id="t100"/>
<target id="t101"/>
<target id="t102"/>
<target id="t103"/>
</span>
</chunk>
<!-- two other vehicles -->
<chunk cid="c72" head="t103" phrase="NP">
<span>
<target id="t101"/>
<target id="t102"/>
<target id="t103"/>
</span>
</chunk>
<!-- were -->
<chunk cid="c73" head="t104" phrase="VBD">
<span>
<target id="t104"/>
</span>
</chunk>
<!-- involved -->
<chunk cid="c74" head="t105" phrase="VBN">
<span>
<target id="t105"/>
</span>
</chunk>
<!-- in the crash -->
<chunk cid="c75" head="t106" phrase="PP">
<span>
<target id="t106"/>
<target id="t107"/>
<target id="t108"/>
</span>
</chunk>
<!-- the crash -->
<chunk cid="c76" head="t108" phrase="NP">
<span>
<target id="t107"/>
<target id="t108"/>
</span>
</chunk>
</chunks>
<coreferences>
<coref antecedent="t21" coid="co1" target="t43" type="NOMINAL"/>
<coref antecedent="t70" coid="co2" target="t76" type="NOMINAL"/>
<coref antecedent="t81" coid="co3" target="t96" type="NOMINAL"/>
</coreferences>
</KAF>